INSERT INTO car (brand, model, production_year, mileage, body_type, engine_type, engine_capacity, gearbox_type, price, description) VALUES ('Acura', 'ILX', 2020, 61450, 'SUV', 'Gasoline', 170, 'Auto', 75000.0, 'Lorem Ipsum is simply dummy text of the printing and typesetting industry. Lorem Ipsum has been the industry standard dummy text ever since the 1500s, when an unknown printer took a galley of type and scrambled it to make a type specimen book. It has survived not only five centuries, but also the leap into electronic typesetting, remaining essentially unchanged. It was popularised in the 1960s with the release of Letraset sheets containing Lorem Ipsum passages, and more recently with desktop publishing software like Aldus PageMaker including versions of Lorem Ipsum');
INSERT INTO car (brand, model, production_year, mileage, body_type, engine_type, engine_capacity, gearbox_type, price, description) VALUES ('Acura', 'Integra', 2012, 197000, 'Sedan', 'Gasoline', 156, 'Manual', 100000.0, 'Lorem Ipsum is simply dummy text of the printing and typesetting industry. Lorem Ipsum has been the industry standard dummy text ever since the 1500s, when an unknown printer took a galley of type and scrambled it to make a type specimen book. It has survived not only five centuries, but also the leap into electronic typesetting, remaining essentially unchanged. It was popularised in the 1960s with the release of Letraset sheets containing Lorem Ipsum passages, and more recently with desktop publishing software like Aldus PageMaker including versions of Lorem Ipsum');
INSERT INTO car (brand, model, production_year, mileage, body_type, engine_type, engine_capacity, gearbox_type, price, description) VALUES ('Acura', 'MDX', 2015, 184000, 'Sedan', 'Diesel', 145, 'Auto', 60000.0, 'Lorem Ipsum is simply dummy text of the printing and typesetting industry. Lorem Ipsum has been the industry standard dummy text ever since the 1500s, when an unknown printer took a galley of type and scrambled it to make a type specimen book. It has survived not only five centuries, but also the leap into electronic typesetting, remaining essentially unchanged. It was popularised in the 1960s with the release of Letraset sheets containing Lorem Ipsum passages, and more recently with desktop publishing software like Aldus PageMaker including versions of Lorem Ipsum');
INSERT INTO car (brand, model, production_year, mileage, body_type, engine_type, engine_capacity, gearbox_type, price, description) VALUES ('Acura', 'NSX', 2003, 75000, 'SUV', 'Gasoline', 153, 'Auto', 10000.0, 'Lorem Ipsum is simply dummy text of the printing and typesetting industry. Lorem Ipsum has been the industry standard dummy text ever since the 1500s, when an unknown printer took a galley of type and scrambled it to make a type specimen book. It has survived not only five centuries, but also the leap into electronic typesetting, remaining essentially unchanged. It was popularised in the 1960s with the release of Letraset sheets containing Lorem Ipsum passages, and more recently with desktop publishing software like Aldus PageMaker including versions of Lorem Ipsum');
INSERT INTO car (brand, model, production_year, mileage, body_type, engine_type, engine_capacity, gearbox_type, price, description) VALUES ('Acura', 'RDX', 2022, 61450, 'Hatchback', 'Gasoline', 163, 'Auto', 132000.0, 'Lorem Ipsum is simply dummy text of the printing and typesetting industry. Lorem Ipsum has been the industry standard dummy text ever since the 1500s, when an unknown printer took a galley of type and scrambled it to make a type specimen book. It has survived not only five centuries, but also the leap into electronic typesetting, remaining essentially unchanged. It was popularised in the 1960s with the release of Letraset sheets containing Lorem Ipsum passages, and more recently with desktop publishing software like Aldus PageMaker including versions of Lorem Ipsum');
INSERT INTO car (brand, model, production_year, mileage, body_type, engine_type, engine_capacity, gearbox_type, price, description) VALUES ('Acura', 'RL', 2007, 75000, 'SUV', 'Gasoline', 133, 'Manual', 100000.0, 'Lorem Ipsum is simply dummy text of the printing and typesetting industry. Lorem Ipsum has been the industry standard dummy text ever since the 1500s, when an unknown printer took a galley of type and scrambled it to make a type specimen book. It has survived not only five centuries, but also the leap into electronic typesetting, remaining essentially unchanged. It was popularised in the 1960s with the release of Letraset sheets containing Lorem Ipsum passages, and more recently with desktop publishing software like Aldus PageMaker including versions of Lorem Ipsum');
INSERT INTO car (brand, model, production_year, mileage, body_type, engine_type, engine_capacity, gearbox_type, price, description) VALUES ('Acura', 'RLX', 2015, 24450, 'Sedan', 'Diesel', 100, 'Auto', 80000.0, 'Lorem Ipsum is simply dummy text of the printing and typesetting industry. Lorem Ipsum has been the industry standard dummy text ever since the 1500s, when an unknown printer took a galley of type and scrambled it to make a type specimen book. It has survived not only five centuries, but also the leap into electronic typesetting, remaining essentially unchanged. It was popularised in the 1960s with the release of Letraset sheets containing Lorem Ipsum passages, and more recently with desktop publishing software like Aldus PageMaker including versions of Lorem Ipsum');
INSERT INTO car (brand, model, production_year, mileage, body_type, engine_type, engine_capacity, gearbox_type, price, description) VALUES ('Acura', 'TSX', 2019, 61450, 'Hatchback', 'Gasoline', 124, 'Manual', 100000.0, 'Lorem Ipsum is simply dummy text of the printing and typesetting industry. Lorem Ipsum has been the industry standard dummy text ever since the 1500s, when an unknown printer took a galley of type and scrambled it to make a type specimen book. It has survived not only five centuries, but also the leap into electronic typesetting, remaining essentially unchanged. It was popularised in the 1960s with the release of Letraset sheets containing Lorem Ipsum passages, and more recently with desktop publishing software like Aldus PageMaker including versions of Lorem Ipsum');
INSERT INTO car (brand, model, production_year, mileage, body_type, engine_type, engine_capacity, gearbox_type, price, description) VALUES ('Acura', 'M5', 2021, 53450, 'SUV', 'Diesel', 240, 'Auto', 130000.0, 'Lorem Ipsum is simply dummy text of the printing and typesetting industry. Lorem Ipsum has been the industry standard dummy text ever since the 1500s, when an unknown printer took a galley of type and scrambled it to make a type specimen book. It has survived not only five centuries, but also the leap into electronic typesetting, remaining essentially unchanged. It was popularised in the 1960s with the release of Letraset sheets containing Lorem Ipsum passages, and more recently with desktop publishing software like Aldus PageMaker including versions of Lorem Ipsum');
INSERT INTO car (brand, model, production_year, mileage, body_type, engine_type, engine_capacity, gearbox_type, price, description) VALUES ('Audi', 'RS5', 2020, 61450, 'Sedan', 'Gasoline', 130, 'Auto', 100000.0, 'Lorem Ipsum is simply dummy text of the printing and typesetting industry. Lorem Ipsum has been the industry standard dummy text ever since the 1500s, when an unknown printer took a galley of type and scrambled it to make a type specimen book. It has survived not only five centuries, but also the leap into electronic typesetting, remaining essentially unchanged. It was popularised in the 1960s with the release of Letraset sheets containing Lorem Ipsum passages, and more recently with desktop publishing software like Aldus PageMaker including versions of Lorem Ipsum');
INSERT INTO car (brand, model, production_year, mileage, body_type, engine_type, engine_capacity, gearbox_type, price, description) VALUES ('Audi', 'Q3', 2007, 87450, 'SUV', 'Diesel', 370, 'Auto', 100000.0, 'Lorem Ipsum is simply dummy text of the printing and typesetting industry. Lorem Ipsum has been the industry standard dummy text ever since the 1500s, when an unknown printer took a galley of type and scrambled it to make a type specimen book. It has survived not only five centuries, but also the leap into electronic typesetting, remaining essentially unchanged. It was popularised in the 1960s with the release of Letraset sheets containing Lorem Ipsum passages, and more recently with desktop publishing software like Aldus PageMaker including versions of Lorem Ipsum');
INSERT INTO car (brand, model, production_year, mileage, body_type, engine_type, engine_capacity, gearbox_type, price, description) VALUES ('Audi', 'RS7', 2001, 61450, 'SUV', 'Gasoline', 670, 'Manual', 100000.0, 'Lorem Ipsum is simply dummy text of the printing and typesetting industry. Lorem Ipsum has been the industry standard dummy text ever since the 1500s, when an unknown printer took a galley of type and scrambled it to make a type specimen book. It has survived not only five centuries, but also the leap into electronic typesetting, remaining essentially unchanged. It was popularised in the 1960s with the release of Letraset sheets containing Lorem Ipsum passages, and more recently with desktop publishing software like Aldus PageMaker including versions of Lorem Ipsum');
INSERT INTO car (brand, model, production_year, mileage, body_type, engine_type, engine_capacity, gearbox_type, price, description) VALUES ('Audi', 'Q6', 2000, 8450, 'Hatchback', 'Diesel', 230, 'Auto', 240000.0, 'Lorem Ipsum is simply dummy text of the printing and typesetting industry. Lorem Ipsum has been the industry standard dummy text ever since the 1500s, when an unknown printer took a galley of type and scrambled it to make a type specimen book. It has survived not only five centuries, but also the leap into electronic typesetting, remaining essentially unchanged. It was popularised in the 1960s with the release of Letraset sheets containing Lorem Ipsum passages, and more recently with desktop publishing software like Aldus PageMaker including versions of Lorem Ipsum');
INSERT INTO car (brand, model, production_year, mileage, body_type, engine_type, engine_capacity, gearbox_type, price, description) VALUES ('Audi', 'A3', 2012, 61450, 'Сoupe', 'Gasoline', 130, 'Manual', 10000.0, 'Lorem Ipsum is simply dummy text of the printing and typesetting industry. Lorem Ipsum has been the industry standard dummy text ever since the 1500s, when an unknown printer took a galley of type and scrambled it to make a type specimen book. It has survived not only five centuries, but also the leap into electronic typesetting, remaining essentially unchanged. It was popularised in the 1960s with the release of Letraset sheets containing Lorem Ipsum passages, and more recently with desktop publishing software like Aldus PageMaker including versions of Lorem Ipsum');
INSERT INTO car (brand, model, production_year, mileage, body_type, engine_type, engine_capacity, gearbox_type, price, description) VALUES ('Audi', 'S5', 2011, 450, 'SUV', 'Gasoline', 223, 'Auto', 40000.0, 'Lorem Ipsum is simply dummy text of the printing and typesetting industry. Lorem Ipsum has been the industry standard dummy text ever since the 1500s, when an unknown printer took a galley of type and scrambled it to make a type specimen book. It has survived not only five centuries, but also the leap into electronic typesetting, remaining essentially unchanged. It was popularised in the 1960s with the release of Letraset sheets containing Lorem Ipsum passages, and more recently with desktop publishing software like Aldus PageMaker including versions of Lorem Ipsum');
INSERT INTO car (brand, model, production_year, mileage, body_type, engine_type, engine_capacity, gearbox_type, price, description) VALUES ('Audi', 'S7', 2017, 61450, 'Sedan', 'Diesel', 523, 'Manual', 8000.0, 'Lorem Ipsum is simply dummy text of the printing and typesetting industry. Lorem Ipsum has been the industry standard dummy text ever since the 1500s, when an unknown printer took a galley of type and scrambled it to make a type specimen book. It has survived not only five centuries, but also the leap into electronic typesetting, remaining essentially unchanged. It was popularised in the 1960s with the release of Letraset sheets containing Lorem Ipsum passages, and more recently with desktop publishing software like Aldus PageMaker including versions of Lorem Ipsum');
INSERT INTO car (brand, model, production_year, mileage, body_type, engine_type, engine_capacity, gearbox_type, price, description) VALUES ('Aston Martin', 'Cygnet', 2000, 14124, 'Hatchback', 'Gasoline', 130, 'Auto', 100000.0, 'Lorem Ipsum is simply dummy text of the printing and typesetting industry. Lorem Ipsum has been the industry standard dummy text ever since the 1500s, when an unknown printer took a galley of type and scrambled it to make a type specimen book. It has survived not only five centuries, but also the leap into electronic typesetting, remaining essentially unchanged. It was popularised in the 1960s with the release of Letraset sheets containing Lorem Ipsum passages, and more recently with desktop publishing software like Aldus PageMaker including versions of Lorem Ipsum');
INSERT INTO car (brand, model, production_year, mileage, body_type, engine_type, engine_capacity, gearbox_type, price, description) VALUES ('Aston Martin', 'DB11', 2022, 224333, 'Sedan', 'Gasoline', 200, 'Auto', 100000.0, 'Lorem Ipsum is simply dummy text of the printing and typesetting industry. Lorem Ipsum has been the industry standard dummy text ever since the 1500s, when an unknown printer took a galley of type and scrambled it to make a type specimen book. It has survived not only five centuries, but also the leap into electronic typesetting, remaining essentially unchanged. It was popularised in the 1960s with the release of Letraset sheets containing Lorem Ipsum passages, and more recently with desktop publishing software like Aldus PageMaker including versions of Lorem Ipsum');
INSERT INTO car (brand, model, production_year, mileage, body_type, engine_type, engine_capacity, gearbox_type, price, description) VALUES ('Aston Martin', 'DB12', 2017, 12456, 'Сoupe', 'Diesel', 130, 'Auto', 100000.0, 'Lorem Ipsum is simply dummy text of the printing and typesetting industry. Lorem Ipsum has been the industry standard dummy text ever since the 1500s, when an unknown printer took a galley of type and scrambled it to make a type specimen book. It has survived not only five centuries, but also the leap into electronic typesetting, remaining essentially unchanged. It was popularised in the 1960s with the release of Letraset sheets containing Lorem Ipsum passages, and more recently with desktop publishing software like Aldus PageMaker including versions of Lorem Ipsum');
INSERT INTO car (brand, model, production_year, mileage, body_type, engine_type, engine_capacity, gearbox_type, price, description) VALUES ('Aston Martin', 'DB9', 2019, 61450, 'Hatchback', 'Gasoline', 134, 'Manual', 240000.0, 'Lorem Ipsum is simply dummy text of the printing and typesetting industry. Lorem Ipsum has been the industry standard dummy text ever since the 1500s, when an unknown printer took a galley of type and scrambled it to make a type specimen book. It has survived not only five centuries, but also the leap into electronic typesetting, remaining essentially unchanged. It was popularised in the 1960s with the release of Letraset sheets containing Lorem Ipsum passages, and more recently with desktop publishing software like Aldus PageMaker including versions of Lorem Ipsum');
INSERT INTO car (brand, model, production_year, mileage, body_type, engine_type, engine_capacity, gearbox_type, price, description) VALUES ('Aston Martin', 'DBS', 2012, 61450, 'SUV', 'Gasoline', 445, 'Auto', 10000.0, 'Lorem Ipsum is simply dummy text of the printing and typesetting industry. Lorem Ipsum has been the industry standard dummy text ever since the 1500s, when an unknown printer took a galley of type and scrambled it to make a type specimen book. It has survived not only five centuries, but also the leap into electronic typesetting, remaining essentially unchanged. It was popularised in the 1960s with the release of Letraset sheets containing Lorem Ipsum passages, and more recently with desktop publishing software like Aldus PageMaker including versions of Lorem Ipsum');
INSERT INTO car (brand, model, production_year, mileage, body_type, engine_type, engine_capacity, gearbox_type, price, description) VALUES ('Aston Martin', 'Valkyrie', 2010, 224333, 'Hatchback', 'Gasoline', 151, 'Auto', 40000.0, 'Lorem Ipsum is simply dummy text of the printing and typesetting industry. Lorem Ipsum has been the industry standard dummy text ever since the 1500s, when an unknown printer took a galley of type and scrambled it to make a type specimen book. It has survived not only five centuries, but also the leap into electronic typesetting, remaining essentially unchanged. It was popularised in the 1960s with the release of Letraset sheets containing Lorem Ipsum passages, and more recently with desktop publishing software like Aldus PageMaker including versions of Lorem Ipsum');
INSERT INTO car (brand, model, production_year, mileage, body_type, engine_type, engine_capacity, gearbox_type, price, description) VALUES ('Aston Martin', 'Valour', 2009, 75000, 'Сoupe', 'Diesel', 170, 'Manual', 8000.0, 'Lorem Ipsum is simply dummy text of the printing and typesetting industry. Lorem Ipsum has been the industry standard dummy text ever since the 1500s, when an unknown printer took a galley of type and scrambled it to make a type specimen book. It has survived not only five centuries, but also the leap into electronic typesetting, remaining essentially unchanged. It was popularised in the 1960s with the release of Letraset sheets containing Lorem Ipsum passages, and more recently with desktop publishing software like Aldus PageMaker including versions of Lorem Ipsum');

insert into stock (product_id, stock, reserved) values (1, 11, 6);
insert into stock (product_id, stock, reserved) values (2, 12, 7);
insert into stock (product_id, stock, reserved) values (3, 13, 8);
insert into stock (product_id, stock, reserved) values (4, 14, 9);
insert into stock (product_id, stock, reserved) values (5, 15, 10);
insert into stock (product_id, stock, reserved) values (6, 16, 0);
insert into stock (product_id, stock, reserved) values (7, 17, 1);
insert into stock (product_id, stock, reserved) values (8, 18, 2);
insert into stock (product_id, stock, reserved) values (9, 19, 3);
insert into stock (product_id, stock, reserved) values (10, 20, 4);
insert into stock (product_id, stock, reserved) values (11, 21, 5);
insert into stock (product_id, stock, reserved) values (12, 22, 6);
insert into stock (product_id, stock, reserved) values (13, 23, 7);
insert into stock (product_id, stock, reserved) values (14, 24, 8);
insert into stock (product_id, stock, reserved) values (15, 25, 9);
insert into stock (product_id, stock, reserved) values (16, 26, 10);
insert into stock (product_id, stock, reserved) values (17, 27, 0);
insert into stock (product_id, stock, reserved) values (18, 28, 1);
insert into stock (product_id, stock, reserved) values (19, 29, 2);
insert into stock (product_id, stock, reserved) values (20, 1, 1);
insert into stock (product_id, stock, reserved) values (21, 2, 2);
insert into stock (product_id, stock, reserved) values (22, 3, 3);
insert into stock (product_id, stock, reserved) values (23, 3, 3);

insert into color (id, name) values (1, 'Sea crystal blue');
insert into color (id, name) values (2, 'Pearl black');
insert into color (id, name) values (3, 'Smoky pearl');
insert into color (id, name) values (4, 'Liquid caramel');
insert into color (id, name) values (5, 'Blue');
insert into color (id, name) values (6, 'Mars red');
insert into color (id, name) values (7, 'Ivory white');
insert into color (id, name) values (8, 'Dark gray');
insert into color (id, name) values (9, 'Diamond purple');
insert into color (id, name) values (10, 'Elephant grey');
insert into color (id, name) values (11, 'Olive grey');
insert into color (id, name) values (12, 'Orange');

insert into car_colors (car_id, color_id) values (1, 1);
insert into car_colors (car_id, color_id) values (1, 2);
insert into car_colors (car_id, color_id) values (1, 3);
insert into car_colors (car_id, color_id) values (3, 2);
insert into car_colors (car_id, color_id) values (4, 4);
insert into car_colors (car_id, color_id) values (5, 4);
insert into car_colors (car_id, color_id) values (6, 4);
insert into car_colors (car_id, color_id) values (6, 2);
insert into car_colors (car_id, color_id) values (7, 3);
insert into car_colors (car_id, color_id) values (8, 3);
insert into car_colors (car_id, color_id) values (9, 2);
insert into car_colors (car_id, color_id) values (9, 1);

insert into users (user_id, username, password, enabled) values (1, 'Admin', '$2y$10$S5XdYZ4.bDTql4AbDK0zL.TU3iF0Z4RvqnCHW4UK9OklTtXcLALa2', true);

insert into roles (role_id, role_name) values (1, 'ROLE_ADMIN');

insert into user_roles (user_id, role_id) values (1, 1);

insert into car_rating (rating_id, car_id, rating_date, rating, username, comment) values (1, 1, 2025-05-02, 4, 'Tamiko', '');
insert into car_rating (rating_id, car_id, rating_date, rating, username, comment) values (2, 1, 2025-04-08, 4, 'AAA-2', 'Lorem Ipsum is simply dummy text of the printing and typesetting industry.');
insert into car_rating (rating_id, car_id, rating_date, rating, username, comment) values (3, 2, 2025-05-02, 5, 'Barby', 'Pearl black');
insert into car_rating (rating_id, car_id, rating_date, rating, username, comment) values (4, 1, 2025-05-02, 1, 'Alex', 'Lorem Ipsum is simply dummy text of the printing and typesetting industry. Lorem Ipsum is simply dummy text of the printing and typesetting industry.');